{
  "Details": {
    "ContactData": {
      "ContactId": "1234567890",
      "CustomerEndpoint": {
        "Address": "+1234567890",
        "Type": "TELEPHONE_NUMBER"
      },
      "InitiationMethod": "INBOUND | OUTBOUND | TRANSFER | CALLBACK",
      "Attributes": {
        "customAttribute1": "value1",
        "customAttribute2": "value2"
      }
    },
    "Parameters": {
        "keyType": "policyNumber",
        "keyValue": "NYAP0000000158"
}
  },
  "Name": "ContactFlowEvent",
  "Type": "InvokeLambdaFunction",
  "Version": "1.0"
}